{"current": 1536.23, "baseline": 1444.6, "target": 1544.6, "progress": 91.63000000000011, "target_inc": 100.0, "lock": 0.0, "peak": 0.0, "hits": 1, "unit": "$", "timestamp": 1772448539.8827093